{"train/loss": 0.6627, "train/learning_rate": 6.597040668735528e-06, "train/epoch": 0.15, "train/global_step": 14727, "_timestamp": 1677584771.5723462, "_runtime": 3611.956297159195, "_step": 30, "eval/loss": 0.6386855840682983, "eval/accuracy": 0.8178298522669384, "eval/runtime": 122.9571, "eval/samples_per_second": 79.825, "eval/steps_per_second": 19.958, "train/train_runtime": 3613.7852, "train/train_samples_per_second": 16.3, "train/train_steps_per_second": 4.075, "train/total_flos": 7868503369113912.0, "train/train_loss": 0.7910631689705107}