{"train/loss": 0.9129, "train/learning_rate": 6.597040668735528e-05, "train/epoch": 0.15, "train/global_step": 14727, "_timestamp": 1677544195.2264283, "_runtime": 4812.528053283691, "_step": 30, "eval/loss": 0.8953633308410645, "eval/accuracy": 0.6173204279164544, "eval/runtime": 123.5371, "eval/samples_per_second": 79.45, "eval/steps_per_second": 19.864, "train/train_runtime": 4814.8021, "train/train_samples_per_second": 12.234, "train/train_steps_per_second": 3.059, "train/total_flos": 7868503369113912.0, "train/train_loss": 0.802596256382768}