{"train/loss": 1.0466, "train/learning_rate": 6.908677032634642e-07, "train/epoch": 0.07, "train/global_step": 6500, "_timestamp": 1677514211.5306938, "_runtime": 2031.8328318595886, "_step": 12}