{"train/loss": 0.6323, "train/learning_rate": 6.653900413035839e-06, "train/epoch": 0.2, "train/global_step": 19636, "_timestamp": 1677643838.4682467, "_runtime": 4860.054440736771, "_step": 40, "eval/loss": 0.5741181969642639, "eval/accuracy": 0.8290371879775853, "eval/runtime": 124.3193, "eval/samples_per_second": 78.95, "eval/steps_per_second": 19.739, "train/train_runtime": 4861.8945, "train/train_samples_per_second": 16.154, "train/train_steps_per_second": 4.039, "train/total_flos": 1.050329235621204e+16, "train/train_loss": 0.7586076246499772}