{"train/loss": 1.0984, "train/learning_rate": 1.7061283110348304e-07, "train/epoch": 0.01, "train/global_step": 500, "_timestamp": 1677638671.4738953, "_runtime": 120.79213237762451, "_step": 0}