{"train/loss": 1.0981, "train/learning_rate": 1.7061283110348304e-07, "train/epoch": 0.01, "train/global_step": 500, "_timestamp": 1677638468.2161956, "_runtime": 119.3506875038147, "_step": 0}