{"train/loss": 0.9475, "train/learning_rate": 6.676173478651745e-05, "train/epoch": 0.23, "train/global_step": 22581, "_timestamp": 1677527931.0910058, "_runtime": 5484.505464792252, "_step": 46, "eval/loss": 0.8643542528152466, "eval/accuracy": 0.6596026490066225, "eval/runtime": 121.8204, "eval/samples_per_second": 80.569, "eval/steps_per_second": 20.144, "train/train_runtime": 5486.3827, "train/train_samples_per_second": 16.463, "train/train_steps_per_second": 4.116, "train/total_flos": 1.207328806422144e+16, "train/train_loss": 0.7734108131678648}