{"train/loss": 0.623, "train/learning_rate": 1.7935988450109166e-06, "train/epoch": 0.23, "train/global_step": 22581, "_timestamp": 1677519938.5327609, "_runtime": 5606.999404907227, "_step": 46, "eval/loss": 0.6339808106422424, "eval/accuracy": 0.813143148242486, "eval/runtime": 127.4385, "eval/samples_per_second": 77.018, "eval/steps_per_second": 19.256, "train/train_runtime": 5608.9336, "train/train_samples_per_second": 16.103, "train/train_steps_per_second": 4.026, "train/total_flos": 1.207328806422144e+16, "train/train_loss": 0.84531744459502}