{"train/loss": 1.1013, "train/learning_rate": 3.100047386438621e-08, "train/epoch": 0.01, "train/global_step": 1000, "_timestamp": 1677487157.2709107, "_runtime": 245.8036286830902, "_step": 1}