{"train/loss": 0.6353, "train/learning_rate": 6.597040668735528e-06, "train/epoch": 0.15, "train/global_step": 14727, "_timestamp": 1677604913.530684, "_runtime": 3668.769952058792, "_step": 30, "eval/loss": 0.57407146692276, "eval/accuracy": 0.8310748853795211, "eval/runtime": 127.0645, "eval/samples_per_second": 77.244, "eval/steps_per_second": 19.313, "train/train_runtime": 3670.6981, "train/train_samples_per_second": 16.047, "train/train_steps_per_second": 4.012, "train/total_flos": 7868503369113912.0, "train/train_loss": 0.7753090738335492}