{"train/loss": 0.6249, "train/learning_rate": 6.653900413035839e-06, "train/epoch": 0.2, "train/global_step": 19636, "_timestamp": 1677636303.5055742, "_runtime": 4805.41014623642, "_step": 40, "eval/loss": 0.6224983930587769, "eval/accuracy": 0.8241467142129394, "eval/runtime": 121.6839, "eval/samples_per_second": 80.66, "eval/steps_per_second": 20.167, "train/train_runtime": 4807.0788, "train/train_samples_per_second": 16.338, "train/train_steps_per_second": 4.085, "train/total_flos": 1.050329235621204e+16, "train/train_loss": 0.760109126094306}