{"train/loss": 0.6501, "train/learning_rate": 6.597040668735528e-06, "train/epoch": 0.15, "train/global_step": 14727, "_timestamp": 1677595186.532698, "_runtime": 3624.1280438899994, "_step": 30, "eval/loss": 0.6622822880744934, "eval/accuracy": 0.8217014773306164, "eval/runtime": 122.8036, "eval/samples_per_second": 79.924, "eval/steps_per_second": 19.983, "train/train_runtime": 3626.1255, "train/train_samples_per_second": 16.245, "train/train_steps_per_second": 4.061, "train/total_flos": 7868503369113912.0, "train/train_loss": 0.7790864535324149}