{"train/loss": 0.6287, "train/learning_rate": 6.597040668735528e-06, "train/epoch": 0.15, "train/global_step": 14727, "_timestamp": 1677599842.4353175, "_runtime": 3651.431456565857, "_step": 30, "eval/loss": 0.6434640288352966, "eval/accuracy": 0.8176260825267447, "eval/runtime": 122.4468, "eval/samples_per_second": 80.157, "eval/steps_per_second": 20.041, "train/train_runtime": 3653.3578, "train/train_samples_per_second": 16.124, "train/train_steps_per_second": 4.031, "train/total_flos": 7868503369113912.0, "train/train_loss": 0.7756040636193301}