{"train/loss": 0.6214, "train/learning_rate": 1.992887605567685e-06, "train/epoch": 0.23, "train/global_step": 22581, "_timestamp": 1677493425.7680583, "_runtime": 5558.4926772117615, "_step": 46, "eval/loss": 0.6301169395446777, "eval/accuracy": 0.8163015792154865, "eval/runtime": 127.1775, "eval/samples_per_second": 77.176, "eval/steps_per_second": 19.296, "train/train_runtime": 5560.7257, "train/train_samples_per_second": 16.243, "train/train_steps_per_second": 4.061, "train/total_flos": 1.207328806422144e+16, "train/train_loss": 0.8417134106536672}