{"train/loss": 0.843, "train/learning_rate": 6.597040668735528e-05, "train/epoch": 0.15, "train/global_step": 14727, "_timestamp": 1677535757.565209, "_runtime": 5955.0918509960175, "_step": 30, "eval/loss": 0.8321041464805603, "eval/accuracy": 0.6818135506877229, "eval/runtime": 123.1853, "eval/samples_per_second": 79.677, "eval/steps_per_second": 19.921, "train/train_runtime": 5957.6526, "train/train_samples_per_second": 9.887, "train/train_steps_per_second": 2.472, "train/total_flos": 7868503369113912.0, "train/train_loss": 0.7898783525446327}