{"train/loss": 0.6354, "train/learning_rate": 6.653900413035839e-06, "train/epoch": 0.2, "train/global_step": 19636, "_timestamp": 1677623245.7164016, "_runtime": 10488.934777498245, "_step": 81, "eval/loss": 0.5806006789207458, "eval/accuracy": 0.83555781966378, "eval/runtime": 121.7257, "eval/samples_per_second": 80.632, "eval/steps_per_second": 20.16, "train/train_runtime": 4782.5407, "train/train_samples_per_second": 16.422, "train/train_steps_per_second": 4.106, "train/total_flos": 1.050329235621204e+16, "train/train_loss": 0.7520157823156597}