{"train/loss": 0.6333, "train/learning_rate": 6.653900413035839e-06, "train/epoch": 0.2, "train/global_step": 19636, "_timestamp": 1677630747.6118798, "_runtime": 4799.951389789581, "_step": 40, "eval/loss": 0.5965721607208252, "eval/accuracy": 0.828222109016811, "eval/runtime": 121.1559, "eval/samples_per_second": 81.011, "eval/steps_per_second": 20.255, "train/train_runtime": 4801.8848, "train/train_samples_per_second": 16.356, "train/train_steps_per_second": 4.089, "train/total_flos": 1.050329235621204e+16, "train/train_loss": 0.7789970723546724}