{"train/loss": 1.1011, "train/learning_rate": 4.650071079657932e-08, "train/epoch": 0.02, "train/global_step": 1500, "_timestamp": 1677487698.9269977, "_runtime": 364.6445806026459, "_step": 2}