{"train/loss": 0.6595, "train/learning_rate": 6.597040668735528e-06, "train/epoch": 0.15, "train/global_step": 14727, "_timestamp": 1677589752.7127385, "_runtime": 3706.277477502823, "_step": 30, "eval/loss": 0.6111095547676086, "eval/accuracy": 0.8210901681100357, "eval/runtime": 126.3267, "eval/samples_per_second": 77.695, "eval/steps_per_second": 19.426, "train/train_runtime": 3708.396, "train/train_samples_per_second": 15.884, "train/train_steps_per_second": 3.971, "train/total_flos": 7868503369113912.0, "train/train_loss": 0.7899580418217682}