{"train/loss": 0.6206, "train/learning_rate": 6.653900413035839e-06, "train/epoch": 0.2, "train/global_step": 19636, "_timestamp": 1677611391.23946, "_runtime": 4891.69015288353, "_step": 40, "eval/loss": 0.6191151738166809, "eval/accuracy": 0.8241467142129394, "eval/runtime": 124.12, "eval/samples_per_second": 79.077, "eval/steps_per_second": 19.771, "train/train_runtime": 4893.5976, "train/train_samples_per_second": 16.05, "train/train_steps_per_second": 4.013, "train/total_flos": 1.050329235621204e+16, "train/train_loss": 0.7610967538584563}