{"train/loss": 1.0984, "train/learning_rate": 6.824524829726408e-07, "train/epoch": 0.02, "train/global_step": 1500, "_timestamp": 1677544835.6592855, "_runtime": 367.53832149505615, "_step": 2}